Sr No,Insurance Company,Base Plan Name,Unique Selling Point (USP)
1,ICICI Lombard,Health AdvantEdge Plus,Claim Protector covers 100% of non-medical consumables (gloves/masks); Unlimited reset for any illness; Inpatient cover for surrogate/oocyte donor
1,ICICI Lombard,Elevate (Basic),Infinite reset unlimited times for any illness; AI-powered personalized coverage recommendations; Jumpstart PED cover from Day 31 for specific chronic conditions
1,ICICI Lombard,Elevate (Essential),Infinite reset unlimited times; Worldwide cashless cover up to 3Cr; Power Booster 100% SI increase every year irrespective of claims
1,ICICI Lombard,Elevate (Recommended),Infinite reset unlimited times; Cashless Chronic Disease Management Program; Inflation Protector auto SI increase based on CPI
1,ICICI Lombard,Max Protect (Classic),Unlimited sum insured reset for same illness; Claim Protector covers IRDAI non-payables; Guaranteed Loyalty Bonus 20% yearly up to 100%
1,ICICI Lombard,Max Protect (Premium),Worldwide cashless cover up to 3Cr for planned/emergency treatment; Air ambulance covered up to Sum Insured; Homecare treatment up to 1L
2,Niva Bupa,ReAssure,Lock the Clock premium locked at entry age until first claim; ReAssure Forever unlimited restoration active for life; Booster+ 10x SI carry forward
2,Niva Bupa,ReAssure 2.0 (Titanium+),Lock the Clock entry age premium freeze; ReAssure Forever unlimited restoration; Unlimited Booster+ carry forward with no cap
2,Niva Bupa,ReAssure 2.0 (Platinum+),Lock the Clock premium lock; ReAssure Forever unlimited restoration; 5x Booster+ carry forward; 30% wellness discount
2,Niva Bupa,ReAssure 2.0 (Bronze+),Lock the Clock entry age premium; ReAssure Forever restoration; 3x Booster+ carry forward
2,Niva Bupa,ReAssure 2.0 (Gold),Unlimited restoration triggered from 1st claim; Cumulative bonus with no claim deduction; Lock the Clock entry age pricing
2,Niva Bupa,ReAssure 2.0 (Bronze),Most cost-effective entry with Lock the Clock premium lock; ReAssure Forever restoration; 3x Booster+ carry forward
2,Niva Bupa,Aspire (Gold+),M-iracle Benefit for cash-based maternity lumpsum; Premium locked until first claim; Booster+ 10x carry forward 
2,Niva Bupa,Aspire (Diamond+),Maximum maternity limits via M-iracle benefit; ReAssure Forever unlimited restoration; Booster+ 10x carry forward 
2,Niva Bupa,Aspire (Platinum+),Premium lock at entry age; Advanced M-iracle maternity coverage; ReAssure Forever unlimited restoration 
2,Niva Bupa,Aspire (Titanium+),Lifetime renewal premium locked at entry age; Highest Sum Insured options for maternity; Max Booster+ accumulation 
3,Care Health,Care,In-built maternity up to 1L (SI 50L+); NCB Super increases cover by 150% in 2 years; Care Anywhere for listed treatments abroad 
3,Care Health,Care Supreme,Cumulative Bonus Super up to 500% (100% per year) with no reduction on claims; Unlimited auto-recharge for same/unrelated illness 
3,Care Health,Care Advantage,No-claim bonus super 50% per year up to 100% with no reduction; Inflation Shield auto-increases SI per CPI; Global coverage add-on available 
3,Care Health,Care Senior,Specialized senior cover with no max entry age; Annual health check-ups regardless of claims; Optional co-pay for premium discount
3,Care Health,Care Heart,2-year waiting period for pre-existing cardiac ailments; Cardiac-specific annual health check-up; Alternative treatments up to 100% SI 
3,Care Health,Care Freedom,2-year PED wait for Diabetes/HTN/BMI; No pre-policy check-up required for any age; Dialysis cover up to 24 months 
4,ManipalCigna,ProHealth Prime Protect,Daily cash for shared accommodation from Day 1; OPD expenses covered up to 50k (Advantage variant); Switch Off benefit to pause cover 
4,ManipalCigna,Life Time Health (India),Guaranteed cumulative bonus 15% yearly uncapped (no max limit); Worldwide cover for 27 major illnesses up to SI 
4,ManipalCigna,Sarvah- Uttam Plan,Gullak Benefit with 100% yearly growth up to 1000% SI; Tatkal Benefit with zero waiting period; Surplus Benefit 100% extra SI for 1st claim 
4,ManipalCigna,Param Plan,Tiered benefit variants; Surplus benefit for first claim; Modular add-on flexibility 
4,ManipalCigna,Pratham Plan,Sarathi cover reduces chronic PED wait to 30 days; Essential coverage for 4 major illnesses up to 3Cr 
4,ManipalCigna,Prime Senior (Elite),Designed for Seniors; 91st day coverage for specific PEDs; No Pre-policy Check-up up to 50L
4,ManipalCigna,Prime Senior,Budget Senior Plan; Covers Pre-existing diseases after just 24 months; Unlimited restoration
5,HDFC Ergo,Optima Restore,Restore benefit refills 100% SI after first claim; 2X Multiplier benefit (50% per year) irrespective of claims; Stay Active renewal discounts
5,HDFC Ergo,Optima Secure,4X Coverage; Secure (2X SI from Day 1); Plus (100% after 2 yrs); Restore (100% auto-restore); Protect (100% non-medical consumables)
6,Chola MS,Flexi Retail Health,Extra Recharge benefit for related claims; No pre-policy health check-up before age 50; Flexible premium modes (monthly to single pay) 
6,Chola MS,Flexi Health Supreme (Plus),Unlimited SI restoration; Worldwide hospitalization for inpatient/daycare outside India; Wellness Advantage up to 10% discount 
6,Chola MS,Flexi Health Supreme (Premier),Short 24-month PED wait; Inbuilt cover for non-medical consumables; Global maternity (1L) and infertility (2L) cover 
7,Star Health,Family Health Optima,Covers entire family (including parents-in-law) under single SI; 3x automatic restoration for unrelated illnesses; Recharge for same illness 
7,Star Health,Star Health Assure Insurance Policy,Unlimited automatic SI restoration from first claim; Quick Shield covers pre-existing diseases from Day 31; Up to 9 family members floater
7,Star Health,Star Comprehensive,"Automatic 100% restoration; Rare OPD,  dental  and optical optional coverage; Star Mother Cover for maternity"
7,Star Health,Young Star,12-month PED/specific illness waiting period; 25% extra SI for RTA hospitalization; Maternity Gold plan benefit
8,Tata General Insurance,Medicare,3x anytime SI restore; Global planned hospitalization (India diagnosis); Accidental death benefit 100% base SI 
8,Tata General Insurance,Medicare Premier,Sum Insured up to 3Cr; Unlimited SI reinstatement; Infinite lifetime IP/DCP claims; Global emergency cover 
9,Reliance Health Insurance,Health Infinity,MoreCover (bonus SI) and MoreTime (longer policy) built-in; Super Charger 20-33% annual bonus; Unlimited SI restore 
9,Reliance Health Insurance,Health Gain,Double SI for same claim; Chronic Shield covers Asthma/DM/BP from Day 31; Guaranteed CB doesn't reduce on claims 
10,Magma Hdi,Support,Unlimited sum insured recharge; Annual check-up; Cumulative bonus does not reduce on claim 
10,Magma Hdi,Secure Plan,Unlimited SI recharge; Step-up to single private room; Non-reducing cumulative bonus 
10,Magma Hdi,Support Plus,Unlimited SI recharge; No room-rent cap; 100% cumulative bonus build-up 
10,Magma Hdi,Shield,"Worldwide emergency cover add-on; Maternity/IVF benefits; Hospital cash up to 1,000/day"
10,Magma Hdi,Premium,SI up to 3Cr; 33.3% yearly cumulative bonus; OPD and Global emergency cover included; Air ambulance up to 1L 
11,Bajaj Allianz,Health Guard- Gold Plan,Convalescence/child cash upgrade; Maternity for normal and C-section; NCB growth up to 100% 
11,Bajaj Allianz,Health Guard- Platinum Plan,Recharge benefit (extra 1-4L after exhaustion); Super cumulative bonus (50% per year); Highest maternity limits 
11,Bajaj Allianz,Health Guard- Silver Plan,Basic hospitalization includes road ambulance and AYUSH; Preventive check-up and convalescence benefit 
12,Liberty General Insurance,Secure Health Connect- Basic,6-hour claim response guarantee (fixed payout if delayed); Up to 150% cumulative bonus 
12,Liberty General Insurance,Secure Elite,Balanced Stay Fit perks; Higher ambulance limits; Enhanced reload flexibility 
12,Liberty General Insurance,Secure Supreme,Zero co-pay; Longest pre/post-hospitalization (45/160 days); Maximum Stay Fit perks 
12,Liberty General Insurance,Secure Complete,Daily cash allowance for 10 days; Highest cumulative bonus 25% per year up to 100% 
13,SBI General Insurance,Super Health- Elite,Health Multiplier (2x/3x SI for 37 critical ailments); Enhanced Reinsure (unlimited restoration); Staff cover add-on 
13,SBI General Insurance,Premier Plan,ReInsure 100% SI unlimited times; Balanced post-hospitalization (90 days); Health Multiplier for critical illness 
13,SBI General Insurance,Platinum Plan,Enhanced ReInsure (200% SI refill); Air ambulance up to 10L; Maternity up to 2L 
13,SBI General Insurance,Platinum Infinite,"3x Health Multiplier for 37 illnesses; No ECB safeguard needed; Recovery benefit 10,000 lump sum"
14,Aditya Birla,Activ Health Platinum (Enhanced),100% HealthReturns™ (Earn full premium back); Day 1 cover for 7 chronic conditions; Automatic upgrade to Chronic Program if condition develops later 
14,Aditya Birla,Essential Plan,Day 1 cover for 4 chronic conditions; Up to 50% HealthReturns™; Affordable premium with optional co-pay waiver 
14,Aditya Birla,Premier Plan,100% HealthReturns™; International cashless cover for 16 major illnesses up to 6Cr; Unlimited Super Reload for same/unrelated illnesses 
14,Aditya Birla,Activ Health Plus (Enhanced),100% Super Credit irrespective of claims (6x SI growth); 100% HealthReturns™; Claim Protect for 100% non-medical expenses 
14,Aditya Birla,Essential Plus,Waiver of mandatory co-payment inbuilt; Day 1 cover for 4 chronic conditions; Up to 50% HealthReturns™ 
14,Aditya Birla,Premier Plus,100% HealthReturns™; International major illness cover; Any Room upgrade (Suite/Deluxe); Super Credit increase even after a claim
